performance_id,date,campaign_id,spend,revenue,clicks,conversions,impressions,leads_generated,cost_per_click,cost_per_conversion
1,2025-01-01,1,1350.36,3039.05,2069,39,82662,316,0.65,34.62
2,2025-01-08,1,1194.65,2699.31,1605,35,80722,251,0.74,34.13
3,2025-01-15,1,1698.14,2645.53,2472,38,104981,207,0.69,44.69
4,2025-01-22,1,1639.11,3236.46,2135,45,85107,251,0.77,36.42
5,2025-01-29,1,1703.2,2503.06,2285,36,110858,250,0.75,47.31
6,2025-02-05,1,2111.5,3106.8,2487,42,100820,264,0.85,50.27
7,2025-02-12,1,1137.08,1447.98,1421,20,84509,220,0.8,56.85
8,2025-01-11,2,3373.55,29394.31,2135,191,43333,306,1.58,17.66
9,2025-01-18,2,3112.74,28238.45,2458,193,43091,355,1.27,16.13
10,2025-01-25,2,3548.99,21592.48,2308,162,45699,448,1.54,21.91
11,2025-02-01,2,3083.34,30564.95,2408,209,53936,444,1.28,14.75
12,2025-02-08,2,3738.93,28926.94,2502,203,56809,362,1.49,18.42
13,2025-02-15,2,3350.34,18194.21,2177,119,45388,416,1.54,28.15
14,2025-02-22,2,2584.74,26219.8,2180,186,52056,422,1.19,13.9
15,2025-03-01,2,3756.93,32212.85,2764,225,47687,263,1.36,16.7
16,2025-03-08,2,4370.04,32565.41,3149,218,52047,331,1.39,20.05
17,2025-03-15,2,3266.72,30968.29,2433,218,51020,384,1.34,14.98
18,2025-03-22,2,2830.04,19637.83,2264,149,49554,340,1.25,18.99
19,2025-01-21,3,3362.95,5473.25,3296,71,111301,621,1.02,47.37
20,2025-01-28,3,3798.05,6832.17,3642,78,121082,349,1.04,48.69
21,2025-02-04,3,3358.52,10327.55,4231,122,134291,435,0.79,27.53
22,2025-02-11,3,3898.25,7922.01,3687,102,133625,592,1.06,38.22
23,2025-02-18,3,2867.01,8757.15,3490,103,134132,383,0.82,27.84
24,2025-02-25,3,3091.51,7026.62,3448,75,136454,657,0.9,41.22
25,2025-03-04,3,3407.89,9600.42,3237,101,144141,583,1.05,33.74
26,2025-03-11,3,3387.02,7298.98,3831,95,160398,404,0.88,35.65
27,2025-03-18,3,4188.34,8617.28,4653,102,136950,810,0.9,41.06
28,2025-01-31,4,953.03,9258.58,1923,108,22562,319,0.5,8.82
29,2025-02-07,4,794.23,8560.83,1662,93,22957,282,0.48,8.54
30,2025-02-14,4,775.6,6080.03,1609,73,19908,314,0.48,10.62
31,2025-02-21,4,985.78,6261.64,1567,74,20794,147,0.63,13.32
32,2025-02-28,4,869.45,8080.85,1546,81,20985,231,0.56,10.73
33,2025-03-07,4,825.18,5662.8,1400,66,18271,178,0.59,12.5
34,2025-03-14,4,968.54,6471.3,1493,64,19206,201,0.65,15.13
35,2025-03-21,4,670.04,5025.74,1068,51,17477,205,0.63,13.14
36,2025-03-28,4,678.02,7568.93,1172,75,19720,192,0.58,9.04
37,2025-04-04,4,703.72,7589.09,1197,76,21844,138,0.59,9.26
38,2025-04-11,4,539.16,4255.29,1043,46,17941,152,0.52,11.72
39,2025-04-18,4,751.38,7830.27,1351,79,22201,150,0.56,9.51
40,2025-04-25,4,618.89,6635.36,1322,69,23028,149,0.47,8.97
41,2025-05-02,4,728.29,6511.84,1336,82,21334,195,0.55,8.88
42,2025-05-09,4,864.09,8465.4,1396,92,17068,203,0.62,9.39
43,2025-05-16,4,623.01,4906.77,1018,50,17411,191,0.61,12.46
44,2025-05-23,4,837.5,6510.96,1375,66,22526,126,0.61,12.69
45,2025-05-30,4,864.21,6241.95,1384,62,18777,265,0.62,13.94
46,2025-02-10,5,1278.17,918.85,1567,16,134206,263,0.82,79.89
47,2025-02-17,5,1482.02,1175.01,1571,25,135423,175,0.94,59.28
48,2025-02-24,5,1378.76,940.47,1619,19,139922,288,0.85,72.57
49,2025-03-03,5,986.45,679.03,1211,12,137684,124,0.81,82.2
50,2025-03-10,5,1317.98,996.11,1321,19,146365,169,1.0,69.37
51,2025-03-17,5,1201.91,979.89,1211,20,145848,122,0.99,60.1
52,2025-03-24,5,939.85,833.79,1053,16,108523,123,0.89,58.74
53,2025-03-31,5,905.89,860.42,1253,15,121268,206,0.72,60.39
54,2025-04-07,5,1158.65,1023.37,1405,22,128169,225,0.82,52.67
55,2025-04-14,5,1141.62,741.55,1235,15,133560,224,0.92,76.11
56,2025-04-21,5,850.71,713.43,1122,14,116935,129,0.76,60.77
57,2025-04-28,5,1257.18,1366.95,1558,26,144563,239,0.81,48.35
58,2025-05-05,5,833.65,618.29,920,12,101528,137,0.91,69.47
59,2025-02-20,6,581.09,3758.95,1088,37,32765,204,0.53,15.71
60,2025-02-27,6,590.86,4807.79,1099,41,28733,132,0.54,14.41
61,2025-03-06,6,539.27,3843.87,1207,35,36166,100,0.45,15.41
62,2025-03-13,6,522.17,4515.69,1190,39,38568,185,0.44,13.39
63,2025-03-20,6,609.68,5064.22,1157,43,34330,93,0.53,14.18
64,2025-03-27,6,532.68,3049.57,1087,31,29598,211,0.49,17.18
65,2025-04-03,6,706.4,5811.26,1375,47,31383,242,0.51,15.03
66,2025-03-02,7,1105.19,5128.92,924,49,25716,141,1.2,22.55
67,2025-03-09,7,950.07,4526.83,858,46,28018,145,1.11,20.65
68,2025-03-16,7,846.31,3655.68,728,37,22881,103,1.16,22.87
69,2025-03-23,7,657.15,2192.56,581,23,21416,68,1.13,28.57
70,2025-03-30,7,804.64,3802.92,743,36,22850,65,1.08,22.35
71,2025-04-06,7,734.09,2957.47,640,27,24522,120,1.15,27.19
72,2025-04-13,7,1013.8,4440.54,954,40,28473,76,1.06,25.34
73,2025-04-20,7,1154.78,4608.87,1019,43,28327,172,1.13,26.86
74,2025-04-27,7,623.64,2727.95,590,25,22467,49,1.06,24.95
75,2025-05-04,7,710.46,2497.17,612,27,23935,58,1.16,26.31
76,2025-05-11,7,716.54,2589.33,728,25,23620,114,0.98,28.66
77,2025-05-18,7,700.15,2232.29,578,22,20355,68,1.21,31.82
78,2025-05-25,7,846.89,3694.43,899,35,26161,80,0.94,24.2
79,2025-06-01,7,916.18,4108.22,782,37,27911,135,1.17,24.76
80,2025-06-08,7,690.5,2612.91,704,24,27070,69,0.98,28.77
81,2025-06-15,7,613.48,3218.54,616,30,23452,105,1.0,20.45
82,2025-06-22,7,595.26,2866.1,611,31,24548,119,0.97,19.2
83,2025-06-29,7,796.77,3374.56,667,36,20643,85,1.19,22.13
84,2025-03-12,8,1980.53,2646.26,2433,35,109734,420,0.81,56.59
85,2025-03-19,8,1618.86,3287.63,2268,46,89078,275,0.71,35.19
86,2025-03-26,8,1289.44,3447.96,2024,42,103643,361,0.64,30.7
87,2025-04-02,8,2051.59,4191.1,2609,51,108550,345,0.79,40.23
88,2025-04-09,8,1617.73,3196.3,2261,41,94823,312,0.72,39.46
89,2025-04-16,8,1881.18,3321.1,2290,48,94473,207,0.82,39.19
90,2025-04-23,8,1814.82,2518.71,2229,37,101261,185,0.81,49.05
91,2025-04-30,8,1688.79,2442.05,2169,35,91321,402,0.78,48.25
92,2025-05-07,8,1522.43,2274.96,2091,29,83208,347,0.73,52.5
93,2025-05-14,8,1514.25,2889.13,2388,42,106868,418,0.63,36.05
94,2025-05-21,8,1497.7,2753.44,2029,38,105669,277,0.74,39.41
95,2025-05-28,8,1385.79,2678.87,2063,40,106191,232,0.67,34.64
96,2025-06-04,8,980.71,1854.76,1495,27,85513,256,0.66,36.32
97,2025-06-11,8,1474.63,3197.25,2171,48,94127,310,0.68,30.72
98,2025-06-18,8,1131.27,1603.96,1531,23,82856,125,0.74,49.19
99,2025-06-25,8,1883.83,3313.61,2302,45,107131,219,0.82,41.86
100,2025-07-02,8,1449.33,2563.27,2210,39,101944,293,0.66,37.16
101,2025-07-09,8,1338.53,3349.72,2126,44,102276,272,0.63,30.42
102,2025-03-22,9,3366.65,16784.16,2117,157,48161,246,1.59,21.44
103,2025-03-29,9,4730.31,32839.55,3427,282,62961,366,1.38,16.77
104,2025-04-05,9,4829.35,36671.15,3391,303,56299,395,1.42,15.94
105,2025-04-12,9,5592.43,25707.66,3879,238,62330,408,1.44,23.5
106,2025-04-19,9,3010.48,12865.48,2132,115,50441,285,1.41,26.18
107,2025-04-26,9,4233.26,29914.36,2912,230,51335,391,1.45,18.41
108,2025-05-03,9,4565.51,31576.38,3415,265,62252,655,1.34,17.23
109,2025-05-10,9,4409.32,33927.84,3610,302,58862,319,1.22,14.6
110,2025-05-17,9,4694.5,25588.79,3228,207,60247,306,1.45,22.68
111,2025-05-24,9,3837.19,27357.31,3293,236,63318,295,1.17,16.26
112,2025-05-31,9,3547.49,15964.92,2334,133,50424,456,1.52,26.67
113,2025-06-07,9,4559.14,38199.03,3912,305,61682,439,1.17,14.95
114,2025-06-14,9,4034.68,30315.77,2865,249,51670,291,1.41,16.2
115,2025-06-21,9,3156.72,18583.17,2183,145,51195,261,1.45,21.77
116,2025-06-28,9,4034.57,20522.23,2672,172,47360,516,1.51,23.46
117,2025-07-05,9,3089.23,17980.79,2327,152,48742,457,1.33,20.32
118,2025-07-12,9,3914.8,26538.97,3180,233,57200,412,1.23,16.8
119,2025-07-19,9,3985.8,30199.58,2863,232,52185,298,1.39,17.18
120,2025-04-01,10,890.14,5743.59,1540,68,20238,303,0.58,13.09
121,2025-04-08,10,840.58,7247.77,1298,73,18138,118,0.65,11.51
122,2025-04-15,10,707.52,6779.64,1184,75,20338,165,0.6,9.43
123,2025-04-22,10,859.28,9026.81,1514,103,18855,165,0.57,8.34
124,2025-04-29,10,854.1,10334.07,1650,107,23495,303,0.52,7.98
125,2025-05-06,10,848.3,7719.14,1635,90,19611,291,0.52,9.43
126,2025-05-13,10,996.54,8332.1,1763,96,20659,172,0.57,10.38
127,2025-05-20,10,722.0,7279.96,1439,77,20173,170,0.5,9.38
128,2025-05-27,10,746.7,7293.06,1239,77,20054,105,0.6,9.7
129,2025-06-03,10,919.86,7568.17,1425,84,21432,254,0.65,10.95
130,2025-06-10,10,693.79,5599.86,1108,63,15813,204,0.63,11.01
131,2025-06-17,10,758.14,6525.08,1293,79,18841,167,0.59,9.6
132,2025-06-24,10,896.9,7541.29,1532,77,18146,249,0.59,11.65
133,2025-04-11,11,5130.06,11260.33,5243,123,161686,618,0.98,41.71
134,2025-04-18,11,3751.12,6758.22,3612,70,162143,562,1.04,53.59
135,2025-04-25,11,4310.67,7133.05,4209,84,154837,656,1.02,51.32
136,2025-05-02,11,4242.76,8013.28,4979,96,151044,873,0.85,44.2
137,2025-05-09,11,2824.84,6875.99,3464,89,122074,606,0.82,31.74
138,2025-05-16,11,3734.72,8528.41,4625,100,156940,876,0.81,37.35
139,2025-05-23,11,3216.73,5210.13,3115,58,124674,549,1.03,55.46
140,2025-04-21,12,966.65,1020.16,1072,13,110096,161,0.9,74.36
141,2025-04-28,12,1122.32,1122.38,1308,15,113555,165,0.86,74.82
142,2025-05-05,12,1306.82,1826.78,1311,22,126998,151,1.0,59.4
143,2025-05-12,12,853.32,1394.42,1159,17,112650,196,0.74,50.2
144,2025-05-19,12,1273.11,1310.19,1426,17,121089,250,0.89,74.89
145,2025-05-26,12,1199.58,1730.95,1322,20,125585,220,0.91,59.98
146,2025-06-02,12,1229.46,1711.54,1453,21,123472,170,0.85,58.55
147,2025-06-09,12,796.46,873.33,1032,12,125954,175,0.77,66.37
148,2025-06-16,12,1337.63,1429.01,1400,19,115972,265,0.96,70.4
149,2025-05-01,13,659.24,5707.05,1428,57,37887,242,0.46,11.57
150,2025-05-08,13,656.01,6665.19,1255,54,39233,229,0.52,12.15
151,2025-05-15,13,687.09,6019.96,1675,54,38881,292,0.41,12.72
152,2025-05-22,13,711.59,6118.05,1322,50,32353,198,0.54,14.23
153,2025-05-29,13,464.63,2920.47,935,24,27877,174,0.5,19.36
154,2025-06-05,13,402.53,3780.82,883,35,28774,166,0.46,11.5
155,2025-06-12,13,527.13,4716.34,1245,39,27399,173,0.42,13.52
156,2025-06-19,13,558.4,4115.99,1001,38,26899,169,0.56,14.69
157,2025-06-26,13,517.07,3780.66,1065,35,33079,97,0.49,14.77
158,2025-07-03,13,585.38,4082.53,1048,34,34741,139,0.56,17.22
159,2025-07-10,13,479.69,3879.0,1032,36,25111,203,0.46,13.32
160,2025-05-11,14,640.69,3028.58,545,28,21814,73,1.18,22.88
161,2025-05-18,14,583.52,3185.9,595,30,25137,64,0.98,19.45
162,2025-05-25,14,847.97,2604.63,678,26,20260,71,1.25,32.61
163,2025-06-01,14,718.92,2282.76,728,24,20652,133,0.99,29.95
164,2025-06-08,14,512.51,2910.56,545,26,21207,45,0.94,19.71
165,2025-06-15,14,691.24,2209.52,574,21,20761,49,1.2,32.92
166,2025-06-22,14,709.5,3871.97,728,37,24530,103,0.97,19.18
167,2025-06-29,14,691.44,3207.88,615,31,25692,113,1.12,22.3
168,2025-07-06,14,727.01,2816.15,614,27,25377,78,1.18,26.93
169,2025-05-21,15,3131.36,20186.89,2661,151,63013,407,1.18,20.74
170,2025-05-28,15,4173.73,27690.94,3016,198,56793,601,1.38,21.08
171,2025-06-04,15,3412.59,28337.09,2374,188,55446,432,1.44,18.15
172,2025-06-11,15,3352.71,25312.07,2582,181,56773,277,1.3,18.52
173,2025-06-18,15,2816.44,19160.98,2143,148,50162,342,1.31,19.03
174,2025-06-25,15,2934.63,30835.82,2465,206,58578,224,1.19,14.25
175,2025-07-02,15,3830.0,28508.57,2959,222,55540,436,1.29,17.25
176,2025-07-09,15,3805.49,32940.44,2591,209,46450,477,1.47,18.21
177,2025-07-16,15,3490.74,23880.49,2424,181,49887,255,1.44,19.29
178,2025-07-23,15,3414.14,24784.01,2433,163,40617,417,1.4,20.95
179,2025-07-30,15,4707.24,34278.97,3283,274,52240,504,1.43,17.18
180,2025-05-31,16,2096.18,2305.05,2691,42,139931,273,0.78,49.91
181,2025-06-07,16,1045.99,1628.62,1479,31,112521,218,0.71,33.74
182,2025-06-14,16,1167.99,1825.89,1641,33,123140,173,0.71,35.39
183,2025-06-21,16,1283.34,2102.59,2030,41,110128,300,0.63,31.3
184,2025-06-28,16,1352.39,1950.33,1758,34,99515,198,0.77,39.78
185,2025-07-05,16,1178.34,1799.19,1650,33,109157,154,0.71,35.71
186,2025-07-12,16,1373.0,2181.47,1945,37,116500,166,0.71,37.11
187,2025-07-19,16,911.52,1103.01,1355,20,88441,130,0.67,45.58
188,2025-07-26,16,1260.73,1381.62,1618,24,86878,203,0.78,52.53
189,2025-08-02,16,1378.47,1575.02,2216,31,116246,406,0.62,44.47
190,2025-08-09,16,1787.52,2369.16,2290,42,117598,340,0.78,42.56
191,2025-08-16,16,871.18,1120.06,1148,18,86656,202,0.76,48.4
192,2025-08-23,16,1181.26,1910.71,1571,33,114238,171,0.75,35.8
193,2025-06-10,17,583.18,5335.41,1171,59,18264,140,0.5,9.88
194,2025-06-17,17,677.46,7194.05,1130,74,16073,137,0.6,9.15
195,2025-06-24,17,729.12,5467.71,1264,57,20428,131,0.58,12.79
196,2025-07-01,17,690.26,6810.13,1142,71,19032,159,0.6,9.72
197,2025-07-08,17,837.59,7955.29,1442,81,17372,225,0.58,10.34
198,2025-07-15,17,562.17,3921.17,1076,46,18174,143,0.52,12.22
199,2025-07-22,17,480.69,4874.87,1006,50,14339,135,0.48,9.61
200,2025-07-29,17,645.7,6614.09,1154,74,14213,177,0.56,8.73
201,2025-08-05,17,815.42,8138.02,1327,87,16811,177,0.61,9.37
202,2025-08-12,17,511.09,4652.1,1051,47,15188,91,0.49,10.87
203,2025-08-19,17,592.41,5596.33,1156,63,15096,116,0.51,9.4
204,2025-06-20,18,3021.66,6145.44,3559,73,125881,443,0.85,41.39
205,2025-06-27,18,2728.75,7680.88,3478,99,119093,548,0.78,27.56
206,2025-07-04,18,3463.48,8736.32,3349,93,132168,531,1.03,37.24
207,2025-07-11,18,3500.3,6138.23,3326,68,114631,405,1.05,51.48
208,2025-07-18,18,2943.67,9406.94,3357,102,115088,393,0.88,28.86
209,2025-07-25,18,3814.22,9878.59,3938,114,130881,664,0.97,33.46
210,2025-08-01,18,2694.63,6087.45,3292,76,121678,406,0.82,35.46
211,2025-06-30,19,948.04,845.0,1274,15,128222,122,0.74,63.2
212,2025-07-07,19,761.68,798.38,1039,16,92869,193,0.73,47.6
213,2025-07-14,19,933.71,664.85,977,12,116684,97,0.96,77.81
214,2025-07-21,19,903.1,632.33,990,13,116198,128,0.91,69.47
215,2025-07-28,19,794.66,693.73,911,14,100667,121,0.87,56.76
216,2025-08-04,19,1092.92,1045.94,1106,18,112225,137,0.99,60.72
217,2025-08-11,19,880.27,615.82,886,11,98034,126,0.99,80.02
218,2025-08-18,19,883.5,579.25,913,11,108586,143,0.97,80.32
219,2025-08-25,19,893.47,736.31,954,15,82859,108,0.94,59.56
220,2025-09-01,19,725.92,616.17,925,12,109568,179,0.78,60.49
221,2025-09-08,19,559.14,407.65,709,7,89618,99,0.79,79.88
222,2025-09-15,19,644.23,667.93,712,12,89865,128,0.9,53.69
223,2025-09-22,19,561.94,654.88,738,12,81464,120,0.76,46.83
224,2025-09-29,19,685.96,368.1,717,7,91777,79,0.96,97.99
225,2025-10-06,19,826.34,508.59,1024,11,101221,117,0.81,75.12
226,2025-10-13,19,1004.71,744.71,1029,14,91156,96,0.98,71.77
227,2025-10-20,19,660.83,480.81,784,9,77964,76,0.84,73.43
228,2025-10-27,19,827.59,557.86,831,12,86268,75,1.0,68.97
229,2025-07-10,20,530.46,5374.82,1129,49,29619,165,0.47,10.83
230,2025-07-17,20,741.27,4465.12,1391,42,30220,113,0.53,17.65
231,2025-07-24,20,567.09,4714.31,1231,48,30673,207,0.46,11.81
232,2025-07-31,20,588.51,4051.63,1222,35,28272,212,0.48,16.81
233,2025-08-07,20,594.85,3462.64,1238,33,28652,214,0.48,18.03
234,2025-08-14,20,363.31,2473.54,742,20,22512,142,0.49,18.17
235,2025-08-21,20,424.13,4250.29,913,36,26973,93,0.46,11.78
236,2025-08-28,20,573.05,3394.51,1044,29,29693,129,0.55,19.76
237,2025-09-04,20,520.88,5608.79,1070,46,29658,149,0.49,11.32
238,2025-09-11,20,561.83,5124.83,1116,43,25936,99,0.5,13.07
239,2025-09-18,20,415.92,2831.52,911,25,26027,145,0.46,16.64
240,2025-09-25,20,557.82,3515.2,1022,33,24843,86,0.55,16.9
241,2025-10-02,20,432.06,5024.84,1029,44,30074,199,0.42,9.82
242,2025-07-20,21,3231.24,30338.7,2668,209,45306,518,1.21,15.46
243,2025-07-27,21,2794.41,16489.02,2132,120,51553,369,1.31,23.29
244,2025-08-03,21,3367.13,30255.8,2564,201,47133,497,1.31,16.75
245,2025-08-10,21,3081.3,21395.04,2448,167,46489,386,1.26,18.45
246,2025-08-17,21,3179.27,22640.6,2515,170,48402,370,1.26,18.7
247,2025-08-24,21,3736.91,22475.42,2735,175,43177,519,1.37,21.35
248,2025-08-31,21,2962.97,31761.22,2497,215,49055,333,1.19,13.78
249,2025-09-07,21,3222.57,23862.44,2320,154,48481,203,1.39,20.93
250,2025-09-14,21,4114.49,33878.75,2741,239,48224,429,1.5,17.22
251,2025-09-21,21,1925.45,13901.44,1661,97,36797,290,1.16,19.85
252,2025-09-28,21,2830.76,23737.21,2387,176,40502,366,1.19,16.08
253,2025-07-30,22,1834.12,2711.23,2271,41,98682,391,0.81,44.73
254,2025-08-06,22,1489.71,2982.32,2147,37,96241,346,0.69,40.26
255,2025-08-13,22,1420.29,2435.78,1987,30,89151,389,0.71,47.34
256,2025-08-20,22,809.18,1318.66,1175,17,67060,117,0.69,47.6
257,2025-08-27,22,1253.77,3049.24,1867,40,74473,338,0.67,31.34
258,2025-09-03,22,1018.86,1492.38,1393,22,79439,200,0.73,46.31
259,2025-09-10,22,1206.23,2478.93,1596,31,89649,265,0.76,38.91
260,2025-09-17,22,1442.44,1879.55,1887,25,78637,161,0.76,57.7
261,2025-09-24,22,1383.98,2434.85,1895,32,80758,296,0.73,43.25
262,2025-10-01,22,1381.39,2174.77,1783,31,70707,314,0.77,44.56
263,2025-10-08,22,724.54,1438.68,1097,19,64828,151,0.66,38.13
264,2025-10-15,22,1392.19,2216.08,1650,33,71715,302,0.84,42.19
265,2025-10-22,22,1074.8,1800.83,1591,26,73786,216,0.68,41.34
266,2025-10-29,22,853.5,1687.89,1272,21,66734,195,0.67,40.64
267,2025-11-05,22,1065.43,1844.22,1343,25,69242,157,0.79,42.62
268,2025-11-12,22,1410.49,1995.25,1686,27,80339,139,0.84,52.24
269,2025-11-19,22,1268.75,2259.1,1739,28,94687,149,0.73,45.31
270,2025-11-26,22,1286.61,2662.58,1801,33,86922,327,0.71,38.99
271,2025-08-09,23,787.99,5843.77,1380,70,17676,176,0.57,11.26
272,2025-08-16,23,483.03,5148.96,932,51,16403,160,0.52,9.47
273,2025-08-23,23,602.6,5806.21,985,67,16909,125,0.61,8.99
274,2025-08-30,23,789.39,5292.98,1414,66,18173,199,0.56,11.96
275,2025-09-06,23,505.92,4255.43,876,47,13510,118,0.58,10.76
276,2025-09-13,23,639.59,4117.59,1063,48,14469,211,0.6,13.32
277,2025-09-20,23,603.33,6217.37,1156,64,14442,190,0.52,9.43
278,2025-09-27,23,672.1,7041.63,1098,74,14580,164,0.61,9.08
279,2025-10-04,23,551.69,4717.5,905,49,16340,177,0.61,11.26
280,2025-10-11,23,704.4,6405.56,1211,69,15770,121,0.58,10.21
281,2025-10-18,23,654.31,4978.68,1023,61,17311,85,0.64,10.73
282,2025-08-19,24,2093.93,4409.97,2361,48,91861,384,0.89,43.62
283,2025-08-26,24,3317.54,9194.73,4116,115,126295,360,0.81,28.85
284,2025-09-02,24,2489.31,7296.1,3049,77,101666,358,0.82,32.33
285,2025-09-09,24,2541.21,6761.97,2658,75,101444,442,0.96,33.88
286,2025-09-16,24,2236.67,5569.81,2689,58,111085,395,0.83,38.56
287,2025-09-23,24,2153.06,4395.02,2506,53,98663,412,0.86,40.62
288,2025-09-30,24,3753.71,7187.33,3886,86,122840,367,0.97,43.65
289,2025-08-29,25,1032.3,1667.79,1284,22,112656,226,0.8,46.92
290,2025-09-05,25,818.32,889.68,955,12,102425,105,0.86,68.19
291,2025-09-12,25,1018.73,1387.93,1138,17,95662,109,0.9,59.93
292,2025-09-19,25,673.82,939.11,914,12,85136,143,0.74,56.15
293,2025-09-26,25,728.68,1148.13,831,13,100875,66,0.88,56.05
294,2025-10-03,25,837.61,1512.94,1076,17,90378,147,0.78,49.27
295,2025-10-10,25,824.35,1209.53,933,15,87675,84,0.88,54.96
296,2025-10-17,25,1175.6,1472.56,1212,20,101703,122,0.97,58.78
297,2025-10-24,25,1309.36,1512.35,1329,17,109125,185,0.99,77.02
298,2025-09-08,26,561.0,4199.39,1320,34,29803,195,0.42,16.5
299,2025-09-15,26,608.44,4678.29,1093,39,23673,152,0.56,15.6
300,2025-09-22,26,398.97,2390.93,830,23,25256,82,0.48,17.35
301,2025-09-29,26,501.03,3866.49,949,38,22621,140,0.53,13.18
302,2025-10-06,26,541.93,5982.93,1285,52,28790,182,0.42,10.42
303,2025-10-13,26,326.2,2377.45,726,23,22694,79,0.45,14.18
304,2025-10-20,26,524.56,4585.47,1280,40,28096,213,0.41,13.11
305,2025-09-18,27,525.93,1778.44,486,17,20082,56,1.08,30.94
306,2025-09-25,27,884.75,2781.06,698,28,21378,65,1.27,31.6
307,2025-10-02,27,616.48,1930.43,511,18,19472,50,1.21,34.25
308,2025-10-09,27,653.89,2336.87,556,24,18165,80,1.18,27.25
309,2025-10-16,27,625.39,3292.38,570,30,17102,51,1.1,20.85
310,2025-10-23,27,553.65,1808.87,495,17,16062,72,1.12,32.57
311,2025-10-30,27,467.43,2240.08,463,21,16700,43,1.01,22.26
312,2025-09-28,28,1009.91,1594.81,1376,28,81558,184,0.73,36.07
313,2025-10-05,28,937.67,1674.19,1328,27,80437,221,0.71,34.73
314,2025-10-12,28,1137.65,1612.54,1814,25,104430,220,0.63,45.51
315,2025-10-19,28,1076.48,2024.23,1518,33,111540,127,0.71,32.62
316,2025-10-26,28,1835.71,2292.47,2165,41,106495,282,0.85,44.77
317,2025-11-02,28,1693.87,2150.28,2202,37,111220,356,0.77,45.78
318,2025-11-09,28,1211.96,1458.31,1643,24,104822,237,0.74,50.5
319,2025-11-16,28,918.71,931.01,1190,16,90643,137,0.77,57.42
320,2025-11-23,28,1344.15,1974.86,1984,31,103406,241,0.68,43.36
321,2025-11-30,28,1242.63,2014.46,1565,32,112333,203,0.79,38.83
322,2025-12-07,28,962.15,1087.52,1276,18,87288,107,0.75,53.45
323,2025-12-14,28,1110.91,1754.78,1674,28,90143,180,0.66,39.68
324,2025-12-21,28,1218.0,1320.52,1550,24,92106,275,0.79,50.75
325,2025-10-08,29,2984.7,23663.35,2464,161,44058,286,1.21,18.54
326,2025-10-15,29,2806.35,15876.24,1823,102,38433,353,1.54,27.51
327,2025-10-22,29,3544.5,23872.54,2262,162,44946,444,1.57,21.88
328,2025-10-29,29,3009.21,23585.7,2288,157,47831,224,1.32,19.17
329,2025-11-05,29,3922.86,26167.44,2604,168,43420,429,1.51,23.35
330,2025-11-12,29,3573.7,27555.18,2846,210,45394,273,1.26,17.02
331,2025-11-19,29,4297.69,32169.82,2923,246,47416,266,1.47,17.47
332,2025-11-26,29,2889.92,26634.7,2347,177,41936,433,1.23,16.33
333,2025-12-03,29,3475.43,30028.48,2682,191,50280,494,1.3,18.2
334,2025-12-10,29,3859.38,30114.67,2423,214,39086,227,1.59,18.03
335,2025-12-17,29,3315.02,21888.5,2379,145,43742,451,1.39,22.86
336,2025-10-18,30,587.48,4777.43,1048,53,14755,116,0.56,11.08
337,2025-10-25,30,713.9,5328.69,1127,61,13287,203,0.63,11.7
338,2025-11-01,30,562.19,5088.0,1092,51,15195,106,0.51,11.02
339,2025-11-08,30,590.09,4779.17,1100,49,16316,131,0.54,12.04
340,2025-11-15,30,740.56,7233.35,1201,72,16074,133,0.62,10.29
341,2025-11-22,30,595.37,5132.53,1195,54,17152,209,0.5,11.03
342,2025-11-29,30,654.12,6075.75,1368,76,16517,214,0.48,8.61
343,2025-12-06,30,861.25,9187.18,1588,94,18979,272,0.54,9.16
344,2025-12-13,30,634.25,4546.83,1185,49,15515,166,0.54,12.94
345,2025-12-20,30,639.31,6758.88,1364,74,18541,188,0.47,8.64
346,2025-12-27,30,489.91,4854.47,1041,50,14683,205,0.47,9.8
