campaign_id,campaign_name,channel,start_date,end_date,campaign_type,target_audience,budget,status
1,Spring Launch,Social Media,2025-01-01,2025-02-15,Product Launch,Young Professionals,26775.23,Completed
2,Search Growth,PPC,2025-01-11,2025-03-27,Acquisition,High Intent Shoppers,40362.08,Completed
3,Creator Spotlight,Influencer,2025-01-21,2025-03-22,Awareness,Gen Z,35756.48,Completed
4,Newsletter Nurture,Email,2025-01-31,2025-05-31,Retention,Existing Customers,11230.29,Completed
5,Brand Display,Display,2025-02-10,2025-05-11,Awareness,General Market,21533.95,Completed
6,SEO Content Push,Content Marketing,2025-02-20,2025-04-06,Acquisition,Research-Oriented Buyers,19386.02,Completed
7,Loyalty Mailer,Direct Mail,2025-03-02,2025-06-30,Retention,Loyal Customers,28891.49,Completed
8,Summer Social,Social Media,2025-03-12,2025-07-10,Seasonal,Young Professionals,30425.59,Completed
9,Back-to-School Search,PPC,2025-03-22,2025-07-20,Seasonal,Parents,45077.04,Completed
10,VIP Email Offer,Email,2025-04-01,2025-06-30,Promotion,High Value Customers,15449.83,Completed
11,Micro Influencer Test,Influencer,2025-04-11,2025-05-26,Experiment,Gen Z,36158.53,Completed
12,Display Retargeting,Display,2025-04-21,2025-06-20,Retargeting,Website Visitors,32728.74,Completed
13,How-To Content Series,Content Marketing,2025-05-01,2025-07-15,Education,New Prospects,20167.9,Completed
14,Holiday Direct Mail,Direct Mail,2025-05-11,2025-07-10,Seasonal,Households,34432.52,Completed
15,Q4 Search Push,PPC,2025-05-21,2025-08-04,Acquisition,High Intent Shoppers,36509.68,Completed
16,Black Friday Social,Social Media,2025-05-31,2025-08-29,Promotion,Deal Seekers,28281.04,Completed
17,Winback Email,Email,2025-06-10,2025-08-24,Winback,Inactive Customers,15571.3,Completed
18,Brand Story Creators,Influencer,2025-06-20,2025-08-04,Awareness,Lifestyle Audience,35635.17,Completed
19,Display Prospecting,Display,2025-06-30,2025-10-28,Acquisition,New Prospects,23097.08,Completed
20,Evergreen Content,Content Marketing,2025-07-10,2025-10-08,Education,Research-Oriented Buyers,17540.16,Completed
21,New Year Search,PPC,2025-07-20,2025-10-03,Acquisition,High Intent Shoppers,56143.93,Completed
22,Referral Social,Social Media,2025-07-30,2025-11-27,Referral,Existing Customers,44844.49,Completed
23,Product Tips Email,Email,2025-08-09,2025-10-23,Education,Existing Customers,15349.76,Completed
24,Premium Influencer,Influencer,2025-08-19,2025-10-03,Promotion,High Value Customers,23324.84,Completed
25,Abandoned Cart Display,Display,2025-08-29,2025-10-28,Retargeting,Cart Abandoners,33987.55,Completed
26,Industry Guide,Content Marketing,2025-09-08,2025-10-23,Lead Generation,B2B Prospects,27790.19,Completed
27,Customer Reactivation Mail,Direct Mail,2025-09-18,2025-11-02,Winback,Inactive Customers,25429.97,Completed
28,Weekend Social Promo,Social Media,2025-09-28,2025-12-27,Promotion,Deal Seekers,39599.37,Active
29,Competitor Search,PPC,2025-10-08,2025-12-22,Acquisition,High Intent Shoppers,38141.66,Active
30,Year-End Email,Email,2025-10-18,2025-12-31,Retention,Existing Customers,12259.86,Active
