email_campaign_id,campaign_id,list_id,send_date,subject_line,revenue_generated,sent_count,delivered_count,open_count,click_count,conversion_count,bounce_count,unsubscribe_count
1,4,1,2025-02-05,A fresh start for your week,10489.91,3960,3776,1629,298,126,184,18
2,4,2,2025-02-17,Your exclusive offer is here,14126.72,3738,3584,1797,406,153,154,14
3,4,3,2025-03-01,3 tips to get more value,13201.46,3514,3315,1318,281,106,199,6
4,4,4,2025-03-13,We miss you — come back,4090.15,3861,3752,860,192,58,109,6
5,4,5,2025-03-25,What’s new this month,5066.01,1901,1776,742,181,41,125,13
6,4,6,2025-04-06,48-hour deal inside,14615.18,4865,4665,1427,375,152,200,33
7,4,1,2025-04-18,A guide picked for you,958.37,1390,1363,747,93,12,27,7
8,4,3,2025-04-30,Your loyalty reward,12499.25,4683,4436,1927,440,136,247,27
9,10,2,2025-04-06,See what customers love,7380.09,1515,1433,682,183,74,82,8
10,10,4,2025-04-18,Last chance before midnight,5685.04,2772,2693,630,187,46,79,12
11,10,5,2025-04-30,A fresh start for your week,3802.06,1419,1327,441,97,37,92,7
12,10,6,2025-05-12,Your exclusive offer is here,10644.21,4368,4140,1609,451,106,228,12
13,10,1,2025-05-24,3 tips to get more value,5694.65,2737,2610,1031,268,50,127,14
14,10,2,2025-06-05,We miss you — come back,3748.6,4120,3848,1950,274,41,272,9
15,10,3,2025-06-17,What’s new this month,4637.27,2677,2505,753,213,60,172,8
16,10,4,2025-06-29,48-hour deal inside,2009.64,1967,1875,516,103,20,92,3
17,17,5,2025-06-15,A guide picked for you,5972.68,3645,3509,1212,313,80,136,14
18,17,6,2025-06-27,Your loyalty reward,9994.65,4891,4699,2062,385,126,192,27
19,17,1,2025-07-09,See what customers love,5314.8,2301,2178,803,159,55,123,9
20,17,3,2025-07-21,Last chance before midnight,3616.93,1515,1439,621,152,38,76,7
21,17,2,2025-08-02,A fresh start for your week,1410.0,1754,1660,954,116,16,94,11
22,17,4,2025-08-14,Your exclusive offer is here,4023.89,2571,2451,741,145,39,120,8
23,23,5,2025-08-14,3 tips to get more value,14177.17,4047,3808,1309,450,131,239,12
24,23,6,2025-08-26,We miss you — come back,6395.39,3211,3157,1292,272,71,54,20
25,23,1,2025-09-07,What’s new this month,11219.67,3509,3301,1451,260,102,208,5
26,23,2,2025-09-19,48-hour deal inside,15921.85,4101,3861,1929,546,140,240,27
27,23,3,2025-10-01,A guide picked for you,12473.91,3956,3787,1471,310,110,169,23
28,23,4,2025-10-13,Your loyalty reward,1531.79,1502,1433,773,111,13,69,10
29,30,5,2025-10-23,See what customers love,9669.19,2913,2796,1148,245,92,117,13
30,30,6,2025-11-04,Last chance before midnight,3029.31,1548,1448,484,149,30,100,7
31,30,1,2025-11-16,A fresh start for your week,8963.68,3842,3716,1322,399,127,126,15
32,30,3,2025-11-28,Your exclusive offer is here,5706.32,2259,2128,860,208,63,131,6
33,30,2,2025-12-10,3 tips to get more value,9544.53,3096,3010,1441,376,126,86,4
34,30,4,2025-12-22,We miss you — come back,4354.56,2903,2846,650,184,49,57,10
